{
  "Madrid:Madrid": [
    40.4167047,
    -3.7035825
  ],
  "Prado Museum:Madrid": [
    40.4137925,
    -3.6920407
  ],
  "Retiro Park:Madrid": [
    40.414946,
    -3.6832845
  ],
  "Royal Palace:Madrid": [
    40.4178207,
    -3.7151114
  ],
  "Llocs:Barcelona": [
    41.3825802,
    2.177073
  ],
  "mar:Barcelona": [
    41.4013461,
    2.1976475
  ],
  "Matar\u00f3:Barcelona": [
    41.5398348,
    2.4448926
  ],
  "Bar\u00e7a Museumfrom28,00 \u20ac:Barcelona": [
    41.3825802,
    2.177073
  ],
  "Bar\u00e7a Museum:Barcelona": [
    41.3825802,
    2.177073
  ],
  "Paddle Surf:Barcelona": [
    41.3825802,
    2.177073
  ],
  "Sport Museum Joan A. Samaranchfrom6,30:Barcelona": [
    41.3825802,
    2.177073
  ],
  "Sport Museum Joan A. Samaranch:Barcelona": [
    41.3825802,
    2.177073
  ],
  "Hola Barcelona Travel Card:Barcelona": [
    41.3825802,
    2.177073
  ],
  "Barcelona Bus Tur\u00edstic Hop on Hop offfrom29,70 \u20ac:Barcelona": [
    41.3825802,
    2.177073
  ],
  "Barcelona Bus Tur\u00edstic Hop on Hop off:Barcelona": [
    41.3825802,
    2.177073
  ],
  "Fundaci\u00f3:Barcelona": [
    41.3686445,
    2.1600839
  ],
  "Barcelona:Barcelona": [
    41.3825802,
    2.177073
  ],
  "Casa:Barcelona": [
    41.4097789,
    2.1450097
  ],
  "Casa Amatller:Barcelona": [
    41.3913381,
    2.1646811
  ],
  "Easy Montserrat:Barcelona": [
    41.3825802,
    2.177073
  ],
  "Anella Ol\u00edmpica de Montju\u00efc:Barcelona": [
    41.366089,
    2.1530256
  ],
  "AIRE Ancient Baths:Barcelona": [
    41.5273566,
    2.3103791
  ],
  "Catalonia:Barcelona": [
    41.3825802,
    2.177073
  ],
  "Europe:Barcelona": [
    48.5164902,
    -2.7419736
  ],
  "Girona:Barcelona": [
    41.3950237,
    2.1709596
  ],
  "Tarragona:Barcelona": [
    41.378444,
    2.1453675
  ],
  "Tossa de Mar:Barcelona": [
    41.722133,
    2.9332623
  ],
  "NearbyLa Rambla & Barri G\u00f2ticattractions:Barcelona": [
    41.3825802,
    2.177073
  ],
  "NearbyEl Ravalattractions:Barcelona": [
    41.3825802,
    2.177073
  ],
  "Spring Diary:Barcelona": [
    41.3825802,
    2.177073
  ],
  "Lesbian Film:Barcelona": [
    41.3825802,
    2.177073
  ],
  "Edward Weston -:Barcelona": [
    41.3825802,
    2.177073
  ],
  "Jordi Club:Barcelona": [
    41.5437338,
    2.2068406
  ],
  "Moll de la Fusta:Barcelona": [
    41.3791104,
    2.1816696
  ],
  "Billie EilishThe:Barcelona": [
    41.3825802,
    2.177073
  ],
  "Corpus Christi - L'Ou:Barcelona": [
    41.3825802,
    2.177073
  ],
  "Parc del F\u00f2rum:Barcelona": [
    41.4121019,
    2.2267862
  ],
  "La Patum de BergaA:Barcelona": [
    41.3825802,
    2.177073
  ],
  "Poble Espanyol:Barcelona": [
    41.368544,
    2.148258
  ],
  "Verbena:Barcelona": [
    41.5724039,
    1.9750273
  ],
  "Barcelona Rock Fest:Barcelona": [
    41.3825802,
    2.177073
  ],
  "XXVII MecalProAn:Barcelona": [
    41.3825802,
    2.177073
  ],
  "Teatre Grec:Barcelona": [
    41.3695248,
    2.159654
  ],
  "Les Tres Xemeneies:Barcelona": [
    41.3743346,
    2.1721051
  ],
  "Giselle - Ballet de de BarcelonaThe:Barcelona": [
    41.3825802,
    2.177073
  ],
  "running.07/02/2025:Barcelona": [
    41.3825802,
    2.177073
  ],
  "Les Nits de Barcelona:Barcelona": [
    41.3804529,
    2.1749778
  ],
  "Gertr\u00fa:Barcelona": [
    41.3825802,
    2.177073
  ],
  "Banc Sabadell:Barcelona": [
    41.3885348,
    2.1675333
  ],
  "Canet de Mar:Barcelona": [
    41.5900933,
    2.5777998
  ],
  "Robbie:Barcelona": [
    41.3825802,
    2.177073
  ],
  "Cru\u00eflla FestivalA:Barcelona": [
    41.3825802,
    2.177073
  ],
  "Museums & Exhibition:Barcelona": [
    41.3845639,
    2.176197
  ],
  "Mir\u00f3:Barcelona": [
    41.3956105,
    2.1690258
  ],
  "Barcelona Card Modernista:Barcelona": [
    41.3825802,
    2.177073
  ],
  "Barcelona Card Family:Barcelona": [
    41.3825802,
    2.177073
  ],
  "Open-air markets:Barcelona": [
    41.3825802,
    2.177073
  ],
  "Barcelona Lifestyle:Barcelona": [
    41.3825802,
    2.177073
  ],
  "Barcelona Card Express:Barcelona": [
    41.3825802,
    2.177073
  ],
  "Mirador torre Gl\u00f2ries -Observation Deck:Barcelona": [
    41.3825802,
    2.177073
  ],
  "Guided tour of he catedral and immersive experience:Barcelona": [
    41.3825802,
    2.177073
  ],
  "Barcelona Card:Barcelona": [
    41.3825802,
    2.177073
  ],
  "CITB:Barcelona": [
    41.3825802,
    2.177073
  ],
  "Airport Terminals 1 & 2:Barcelona": [
    41.3825802,
    2.177073
  ],
  "Oficina Catedral:Barcelona": [
    41.3825802,
    2.177073
  ],
  "Mirador de Colom:Barcelona": [
    41.3825802,
    2.177073
  ],
  "Newsletter:Barcelona": [
    41.3825802,
    2.177073
  ],
  "Granada:Granada": [
    37.1734995,
    -3.5995337
  ],
  "NearbyGranadaattractions:Granada": [
    37.1734995,
    -3.5995337
  ],
  "Private Tour: Skip-the-Line Prado Museum Tour:Madrid": [
    40.4167047,
    -3.7035825
  ],
  "Palacio Real:Madrid": [
    40.4178207,
    -3.7151114
  ],
  "Plaza Mayor:Madrid": [
    40.4153948,
    -3.7069974
  ],
  "Segovia:Madrid": [
    40.9005583,
    -4.0079148
  ],
  "Toledo:Madrid": [
    40.0752762,
    -3.8871863
  ],
  "El Escorial Monastery:Madrid": [
    40.4167047,
    -3.7035825
  ],
  "Helicopter & Balloon Tours:Madrid": [
    40.4167047,
    -3.7035825
  ],
  "Cultural & Theme Tours:Madrid": [
    40.4167047,
    -3.7035825
  ],
  "Trips & Excursions:Madrid": [
    40.4167047,
    -3.7035825
  ],
  "Food, Wine & Nightlife:Madrid": [
    40.4167047,
    -3.7035825
  ],
  "Outdoor Activities:Madrid": [
    40.4167047,
    -3.7035825
  ],
  "Private & Custom Tours:Madrid": [
    40.4167047,
    -3.7035825
  ],
  "Mercado de San Miguel:Madrid": [
    40.4153732,
    -3.7090153
  ],
  "Le Bistroman:Madrid": [
    40.4172337,
    -3.710979
  ],
  "Cebo:Madrid": [
    40.4164051,
    -3.6985954
  ],
  "Mercado de San Ant\u00f3n:Madrid": [
    40.4219407,
    -3.6975827
  ],
  "Vincci Soma:Madrid": [
    40.4251863,
    -3.6780181
  ],
  "Corral de la Morer\u00eda:Madrid": [
    40.4127418,
    -3.7141548
  ],
  "Zarzuela Opera:Madrid": [
    40.4167047,
    -3.7035825
  ],
  "Flamenco Lesson:Madrid": [
    40.4167047,
    -3.7035825
  ],
  "Arabian Baths:Madrid": [
    40.4167047,
    -3.7035825
  ],
  "Madrid Tapas Night Walking Tour:Madrid": [
    40.4167047,
    -3.7035825
  ],
  "Spanish Wine Tour:Madrid": [
    40.4167047,
    -3.7035825
  ],
  "Ocean Drive Madrid:Madrid": [
    40.4182989,
    -3.7088772
  ],
  "Thompson Madrid:Madrid": [
    40.4185574,
    -3.7026716
  ],
  "UMusic Hotel Madrid:Madrid": [
    40.4153621,
    -3.7037945
  ],
  "NearbyMadridattractions:Madrid": [
    40.4167047,
    -3.7035825
  ],
  "NearbyLa Latina & Lavapi\u00e9sattractions:Madrid": [
    40.4167047,
    -3.7035825
  ],
  "beaches:Barcelona": [
    41.3825802,
    2.177073
  ],
  "Olympic and Sport Museum Joan A. Samaranch:Barcelona": [
    41.3825802,
    2.177073
  ],
  "Fundaci\u00f3 Joan Mir\u00f3 (Joan Mir\u00f3 Museum):Barcelona": [
    41.3686445,
    2.1600839
  ],
  "The best beaches in Barcelona for 2025:Barcelona": [
    41.3825802,
    2.177073
  ],
  "Themed Dinners That Will Steal Your Heart This Summer (and Beyond:Barcelona": [
    41.3825802,
    2.177073
  ],
  "Give the gift of calm at AIRE Ancient Baths:Barcelona": [
    41.3825802,
    2.177073
  ],
  "Barcelona\u2019s best attractions: an ultimate guide to its must-see sights (2025:Barcelona": [
    41.3825802,
    2.177073
  ],
  "Visiting Barcelona? Discover Westfield Gl\u00f2ries, Where Art Meets Shopping:Barcelona": [
    41.3825802,
    2.177073
  ],
  "The 31 best things to do in Barcelona:Barcelona": [
    41.3825802,
    2.177073
  ],
  "must-see places in Catalonia for 2025:Barcelona": [
    41.3825802,
    2.177073
  ],
  "These Barcelona tours offer world-class food (and sometimes some equally delicious sights:Barcelona": [
    41.3825802,
    2.177073
  ],